<?xml version="1.0" encoding="utf-16"?><details><Lon>-157.924309</Lon><Lat>21.32848652</Lat><Throttle>0.75</Throttle><Rudder>0</Rudder></details><details><Lon>-157.924309</Lon><Lat>21.32848652</Lat><Throttle>0.75</Throttle><Rudder>0</Rudder></details><details><Lon>-157.924309</Lon><Lat>21.32848652</Lat><Throttle>0.8</Throttle><Rudder>0</Rudder></details><details><Lon>-157.924309</Lon><Lat>21.32848652</Lat><Throttle>1</Throttle><Rudder>0</Rudder></details><details><Lon>-157.924309</Lon><Lat>21.32848652</Lat><Throttle>1</Throttle><Rudder>0</Rudder></details><details><Lon>-157.924309</Lon><Lat>21.32848652</Lat><Throttle>1</Throttle><Rudder>0</Rudder></details><details><Lon>-157.924309</Lon><Lat>21.32848652</Lat><Throttle>0.9</Throttle><Rudder>0</Rudder></details><details><Lon>-157.924309</Lon><Lat>21.32848652</Lat><Throttle>0.5</Throttle><Rudder>0</Rudder></details><details><Lon>-157.924309</Lon><Lat>21.32848652</Lat><Throttle>0.25</Throttle><Rudder>0</Rudder></details><details><Lon>-157.924309</Lon><Lat>21.32848652</Lat><Throttle>0.25</Throttle><Rudder>0</Rudder></details>
