<?xml version="1.0" encoding="utf-16"?><details><Lon>-157.925672</Lon><Lat>21.32076635</Lat><Throttle>0.75</Throttle><Rudder>0</Rudder></details><details><Lon>-157.9250615</Lon><Lat>21.31959601</Lat><Throttle>0.75</Throttle><Rudder>0</Rudder></details><details><Lon>-157.9223674</Lon><Lat>21.32085208</Lat><Throttle>0.75</Throttle><Rudder>0</Rudder></details><details><Lon>-157.923326</Lon><Lat>21.32271662</Lat><Throttle>0.75</Throttle><Rudder>0</Rudder></details><details><Lon>-157.9237408</Lon><Lat>21.32284113</Lat><Throttle>0.75</Throttle><Rudder>0</Rudder></details>
