<?xml version="1.0" encoding="utf-16"?><details><Lon>-90.05089265</Lon><Lat>35.2048758</Lat><Throttle>0.75</Throttle><Rudder>0</Rudder></details><details><Lon>-90.05083414</Lon><Lat>35.20512675</Lat><Throttle>0.75</Throttle><Rudder>0</Rudder></details><details><Lon>-90.05071004</Lon><Lat>35.20569372</Lat><Throttle>0.75</Throttle><Rudder>0</Rudder></details><details><Lon>-90.05200841</Lon><Lat>35.20933804</Lat><Throttle>0.75</Throttle><Rudder>0</Rudder></details><details><Lon>-90.05233094</Lon><Lat>35.20961865</Lat><Throttle>0.75</Throttle><Rudder>0</Rudder></details><details><Lon>-90.052702</Lon><Lat>35.20988734</Lat><Throttle>0.75</Throttle><Rudder>0</Rudder></details><details><Lon>-90.05355978</Lon><Lat>35.21031715</Lat><Throttle>0.75</Throttle><Rudder>0</Rudder></details><details><Lon>-90.05509933</Lon><Lat>35.21053977</Lat><Throttle>0.75</Throttle><Rudder>0</Rudder></details><details><Lon>-90.05647322</Lon><Lat>35.21003394</Lat><Throttle>0.75</Throttle><Rudder>0</Rudder></details><details><Lon>-90.0572365</Lon><Lat>35.20880713</Lat><Throttle>0.75</Throttle><Rudder>0</Rudder></details><details><Lon>-90.05690895</Lon><Lat>35.20727384</Lat><Throttle>0.75</Throttle><Rudder>0</Rudder></details><details><Lon>-90.05553661</Lon><Lat>35.20616627</Lat><Throttle>0.75</Throttle><Rudder>0</Rudder></details><details><Lon>-90.05371635</Lon><Lat>35.20593352</Lat><Throttle>0.75</Throttle><Rudder>0</Rudder></details><details><Lon>-90.05216815</Lon><Lat>35.20661722</Lat><Throttle>0.75</Throttle><Rudder>0</Rudder></details><details><Lon>-90.05140238</Lon><Lat>35.20801497</Lat><Throttle>0.75</Throttle><Rudder>0</Rudder></details><details><Lon>-90.05184008</Lon><Lat>35.20965401</Lat><Throttle>0.75</Throttle><Rudder>0</Rudder></details><details><Lon>-90.0534223</Lon><Lat>35.21082121</Lat><Throttle>0.75</Throttle><Rudder>0</Rudder></details><details><Lon>-90.05540376</Lon><Lat>35.21103083</Lat><Throttle>0.75</Throttle><Rudder>0</Rudder></details><details><Lon>-90.05698615</Lon><Lat>35.2103426</Lat><Throttle>0.75</Throttle><Rudder>0</Rudder></details><details><Lon>-90.057632</Lon><Lat>35.20910425</Lat><Throttle>0.75</Throttle><Rudder>0</Rudder></details><details><Lon>-90.05707586</Lon><Lat>35.20775271</Lat><Throttle>0.75</Throttle><Rudder>0</Rudder></details><details><Lon>-90.05538806</Lon><Lat>35.20695131</Lat><Throttle>0.75</Throttle><Rudder>0</Rudder></details><details><Lon>-90.05337978</Lon><Lat>35.20716655</Lat><Throttle>0.75</Throttle><Rudder>0</Rudder></details><details><Lon>-90.05191953</Lon><Lat>35.20821768</Lat><Throttle>0.75</Throttle><Rudder>0</Rudder></details><details><Lon>-90.05144336</Lon><Lat>35.20978431</Lat><Throttle>0.75</Throttle><Rudder>0</Rudder></details><details><Lon>-90.05215841</Lon><Lat>35.21120596</Lat><Throttle>0.75</Throttle><Rudder>0</Rudder></details><details><Lon>-90.05388924</Lon><Lat>35.21204274</Lat><Throttle>0.75</Throttle><Rudder>0</Rudder></details><details><Lon>-90.05584301</Lon><Lat>35.21188385</Lat><Throttle>0.75</Throttle><Rudder>0</Rudder></details><details><Lon>-90.05730591</Lon><Lat>35.21084629</Lat><Throttle>0.75</Throttle><Rudder>0</Rudder></details><details><Lon>-90.05767055</Lon><Lat>35.20947698</Lat><Throttle>0.75</Throttle><Rudder>0</Rudder></details><details><Lon>-90.05685736</Lon><Lat>35.20822775</Lat><Throttle>0.75</Throttle><Rudder>0</Rudder></details><details><Lon>-90.05516662</Lon><Lat>35.20770042</Lat><Throttle>0.75</Throttle><Rudder>0</Rudder></details><details><Lon>-90.05325398</Lon><Lat>35.20815793</Lat><Throttle>0.75</Throttle><Rudder>0</Rudder></details><details><Lon>-90.05195464</Lon><Lat>35.20942037</Lat><Throttle>0.75</Throttle><Rudder>0</Rudder></details><details><Lon>-90.05170886</Lon><Lat>35.21108527</Lat><Throttle>0.75</Throttle><Rudder>0</Rudder></details><details><Lon>-90.05258603</Lon><Lat>35.21244692</Lat><Throttle>0.75</Throttle><Rudder>0</Rudder></details><details><Lon>-90.05750634</Lon><Lat>35.21293416</Lat><Throttle>0.75</Throttle><Rudder>0</Rudder></details><details><Lon>-90.05791399</Lon><Lat>35.21149136</Lat><Throttle>0.75</Throttle><Rudder>0</Rudder></details><details><Lon>-90.05716545</Lon><Lat>35.2101941</Lat><Throttle>0.75</Throttle><Rudder>0</Rudder></details>
